Species code,Species name,Marker,Accession number
AA,Acroteriobatus annulatus,COI,PV814390
AA,Acroteriobatus annulatus,ND2,PV812454
AB,Acroteriobatus blochii,COI,NC068898
AB,Acroteriobatus blochii,ND2,PV812463
AN,Acroteriobatus andysabini,COI,HQ171694
AN,Acroteriobatus andysabini,ND2,PV812493
AL,Acroteriobatus leucospilus,COI,PV814404
AL,Acroteriobatus leucospilus,ND2,PV812475
AO,Acroteriobatus omanensis,COI,No sequence data available at time of writing
AO,Acroteriobatus omanensis,ND2,PP313850
AS,Acroteriobatus salalah,COI,No sequence data available at time of writing
AS,Acroteriobatus salalah,ND2,PP313853
AV,Acroteriobatus variegatus,COI,KF899673
AV,Acroteriobatus variegatus,ND2,MK335351
AZ,Acroteriobatus zanzibarensis,COI,PV814410
AZ,Acroteriobatus zanzibarensis,ND2,PV812485
AC,Acroteriobatus ocellatus,COI,No sequence data available at time of writing
AC,Acroteriobatus ocellatus,ND2,No sequence data available at time of writing
AT,Acroteriobatus stehmanni,COI,No sequence data available at time of writing
AT,Acroteriobatus stehmanni,ND2,No sequence data available at time of writing
